[
  {
    "id": 1,
    "titulo": "_Título1",
    "descripcion": "_Descripción1",
    "fecha_creacion": "15/08/1888",
    "estado": "pendiente"
  },
  {
    "id": 2,
    "titulo": "_Título2",
    "descripcion": "_Descripción2",
    "fecha_creacion": "22/10/2010",
    "estado": "haciendo"
  },
  {
    "id": 3,
    "titulo": "_Título3",
    "descripcion": "_Descripción3",
    "fecha_creacion": "22/08/1888",
    "estado": "completada"
  },
  {
    "id": 4,
    "titulo": "_Título4",
    "descripcion": "_Descripción4",
    "fecha_creacion": "12/08/1911",
    "estado": "pendiente"
  },
  {
    "titulo": "_Título_Nuevo",
    "descripcion": "_Descripción_nueva",
    "fecha_creacion": "15/08/1888",
    "estado": "pendiente",
    "id": 5
  }
]